,0
rev_rank,10717157.242922187
comp_margin,9414617.206311882
digz_jaccard,1875386.2856845856
dig_n_c,983269.6990764737
digz_first_sim,980758.9161080718
name_idf_c,876540.3126267195
name_jw,593472.8504775763
nospace_partial,409315.32606726885
addr_tset,375503.61991906166
name_tsort,366724.3579810858
name_idf_q,327245.68862199783
addr_tset_gap,288322.7246821523
addr_idf_u,222971.1556213498
name_tset,195627.75433826447
addr_idf_c,188946.73041433096
addr_tset_rank,186323.64909243584
name_ntok_diff,182601.23395448923
dig_n_q,170387.53529918194
addr_ntok_c,167718.91865557432
name_idf_u,165947.98275709152
name_ntok_c,152626.36192131042
nospace_lev,132222.2052410841
name_len_ratio,114461.52214187384
skel_ratio,113827.32733440399
name_partial,105376.51735621691
s1_name_count,102639.72253072262
addr_idf_q,91816.59575808048
addr_skel_tset,85825.85567307472
core_nospace_partial,83651.38995397091
n_cands,81875.68478786945
comp_best_other,79443.96036243439
rev_score,78931.50291341543
digz_best_sim,66770.24448990822
comp_n,65327.16446322203
cand_core_count_in_s1,65166.96942293644
skel_tset,60147.0077136755
comp_is_top,59539.969250917435
addr_tsort,59123.176700890064
s1_core_count,56219.9538821578
core_ratio,53746.8997271657
blk_score_src_gap,50837.754467606544
name_ratio,49719.11144977808
name_idf_u_rank,47216.7986664772
addr_idf_u_gap,44712.43124270439
skel_nospace_partial,43539.330040574074
dig_jaccard,39687.580263733864
core_partial,38235.28193819523
name_ntok_q,35899.57084316015
core_tset,35179.578222990036
blk_score,30447.94189351797
ret_score,29813.16129785776
addr_idf_u_rank,29479.54352647066
name_tset_gap,29352.74166226387
blk_score_gap,27745.00102466345
key_minfreq,27578.40805864334
blk_rank,27120.6858137846
name_idf_u_gap,25196.252333283424
ret_score_gap,24616.803394317627
addr_ratio,21368.3415543437
blk_score_rank,18845.60738605261
src,17407.01336044073
digz_first_eq,16181.167958855629
ret_score_rank,15342.756475746632
name_tset_rank,14063.350192725658
name_nonascii_c,12390.2145139575
key_hits,9534.18051713705
dig_first_eq,9368.182552814484
in_rev,6382.814246296883
addr_partial,5446.29059112072
in_key,364.41647827625275
dig_any,183.39232778549194
addr_empty_c,49.65876126289368
in_fwd,0.0
